no,judul_seo,short,deskripsi_seo,keyword,lynk
1,Worksheet Berhitung 150 Halaman Anak 3-8 Tahun - Belajar Angka Seru | JIDANKHOIR27,Berhitung 150 Worksheet,"Worksheet berhitung 150 halaman siap cetak untuk anak 3-8 tahun. Belajar angka 1-100, penjumlahan & pengurangan dengan ilustrasi lucu. PDF instan Rp9.900",worksheet berhitung anak tk paud,https://lynk.id/jidankhoir27/7kx8rjjp88pe/checkout
2,Worksheet Profesi 100 Halaman - Mengenal Dokter Guru Polisi Untuk PAUD TK,Profesi 100 Worksheet,"Kenalkan 20+ profesi ke anak usia 3-6 tahun lewat worksheet mewarnai, mencocokkan & menebak profesi. Desain ramah anak, siap cetak. Rp9.900",worksheet profesi anak paud,https://lynk.id/jidankhoir27/xoy2wm12dpy8/checkout
3,Worksheet Sayur Mayur 100 Halaman Mewarnai & Berhitung Anak TK,Sayur-Sayuran 100 Worksheet,"Worksheet sayur mayur edukatif 100 halaman: mewarnai, mencocokkan, menebak & berhitung sayur. Untuk anak 3-7 tahun, melatih motorik halus. PDF Rp9.900",worksheet sayur anak tk,https://lynk.id/jidankhoir27/xqwzmq3jx69o/checkout
4,Worksheet Anggota Tubuh 100 Halaman PDF - Anatomi Dasar Anak 3-8 Tahun,Anggota Tubuh 100 Halaman,"Belajar anggota tubuh manusia jadi seru! 100 halaman worksheet tracing, mewarnai tangan kaki mata. Untuk PAUD TK SD awal. Download Rp9.900",worksheet anggota tubuh anak,https://lynk.id/jidankhoir27/wgdzk71jqg19/checkout
5,Worksheet Alfabet 150 Halaman Tracing & Mewarnai A-Z Anak PAUD TK,Alfabet 150 Halaman,"150 halaman worksheet alfabet A-Z lengkap tracing huruf besar kecil, mewarnai & kosakata. Untuk anak 3-8 tahun, siap cetak berkali-kali. Rp9.900",worksheet alfabet anak paud tk,https://lynk.id/jidankhoir27/wmnrk65pxnrp/checkout
6,Worksheet Mewarnai Hewan 100 Gambar Lucu Untuk Anak 2-6 Tahun,Mewarnai Hewan 100 Gambar,"100 gambar hewan lucu untuk mewarnai: kucing, kelinci, singa, katak. Melatih kreativitas & fokus anak usia 2-6 tahun. PDF siap cetak Rp9.900",worksheet mewarnai hewan anak,https://lynk.id/jidankhoir27/kw16yrzx29qr/checkout
7,Worksheet Angka 1-100 Tracing & Menulis Untuk Anak 4-7 Tahun PAUD,Angka 1-100 Tracing,"Worksheet angka 1-100 lengkap tracing, menulis & berhitung. Membantu anak PAUD TK belajar menulis angka dengan benar. 120 halaman PDF Rp9.900",worksheet angka 1-100 anak,https://lynk.id/jidankhoir27/angka/checkout
8,Worksheet Buah-Buahan 100 Halaman - Mengenal Buah & Warna Anak TK,Buah-Buahan 100 Halaman,"Kenalkan 30+ buah ke anak lewat worksheet mewarnai, maze & mencocokkan buah. Edukatif untuk usia 3-6 tahun, desain colorful. Rp9.900",worksheet buah anak tk,https://lynk.id/jidankhoir27/buah/checkout
9,Worksheet Transportasi 100 Halaman - Mobil Pesawat Kereta Untuk PAUD,Transportasi 100 Halaman,"Worksheet transportasi darat laut udara 100 halaman. Mengenal mobil, pesawat, kapal dengan aktivitas mewarnai & puzzle. Anak 3-7 tahun. Rp9.900",worksheet transportasi anak,https://lynk.id/jidankhoir27/transportasi/checkout
10,Worksheet Maze Labirin Anak 100 Level Mudah Sulit Usia 4-8 Tahun,Maze Labirin 100 Level,"100 maze labirin dari level mudah ke sulit untuk melatih logika & konsentrasi anak 4-8 tahun. Desain lucu, siap cetak PDF. Hanya Rp9.900",worksheet maze anak tk,https://lynk.id/jidankhoir27/maze/checkout
11,Worksheet Tracing Garis & Bentuk Untuk Anak 3-5 Tahun - Pra Menulis,Tracing Garis 100 Halaman,"Worksheet pra menulis tracing garis lurus, zigzag, lengkung & bentuk. Persiapan menulis untuk anak 3-5 tahun PAUD. 100 halaman PDF Rp9.900",worksheet tracing anak paud,https://lynk.id/jidankhoir27/tracing/checkout
12,Worksheet Warna & Bentuk - Mengenal Warna Dasar Untuk Anak 2-5 Tahun,Warna & Bentuk 80 Halaman,Belajar warna merah kuning biru & bentuk lingkaran segitiga dengan worksheet mewarnai & mencocokkan. Untuk toddler 2-5 tahun. Rp9.900,worksheet warna anak toddler,https://lynk.id/jidankhoir27/warna/checkout
13,Worksheet Hewan Laut & Darat 100 Halaman - Mengenal Binatang Untuk TK,Hewan Laut Darat 100 Hal,"Worksheet hewan darat & laut 100 halaman: singa, gajah, ikan, gurita. Aktivitas mewarnai & klasifikasi habitat. Anak 3-7 tahun. Rp9.900",worksheet hewan anak tk,https://lynk.id/jidankhoir27/hewan/checkout
14,Worksheet Berhitung Buah - Penjumlahan Pengurangan Visual Anak 4-7 Th,Berhitung Buah Visual,Belajar penjumlahan pengurangan pakai gambar buah apel jeruk. Visual & menyenangkan untuk anak 4-7 tahun TK. 100 halaman PDF Rp9.900,worksheet penjumlahan anak tk,https://lynk.id/jidankhoir27/berhitung-buah/checkout
15,Worksheet Huruf Hijaiyah 100 Halaman - Belajar Iqro Untuk Anak 4-8 Th,Huruf Hijaiyah 100 Hal,"Worksheet hijaiyah alif ba ta untuk anak 4-8 tahun. Tracing, mewarnai & mengenal huruf Arab dasar. Cocok untuk TPQ & homeschooling. Rp9.900",worksheet hijaiyah anak,https://lynk.id/jidankhoir27/hijaiyah/checkout
16,Worksheet Puzzle Potong Tempel - Melatih Motorik Halus Anak 3-6 Tahun,Puzzle Potong Tempel,"100 puzzle potong tempel edukatif: hewan, buah, angka. Melatih motorik halus, fokus & kreativitas anak 3-6 tahun PAUD. PDF Rp9.900",worksheet gunting tempel anak,https://lynk.id/jidankhoir27/puzzle/checkout
17,Worksheet Menggambar Step by Step Hewan Mudah Untuk Anak 5-8 Tahun,Menggambar Hewan Step,"Belajar menggambar hewan langkah demi langkah: kucing, kelinci, burung. 80 halaman panduan mudah untuk anak 5-8 tahun. Rp9.900",worksheet menggambar anak,https://lynk.id/jidankhoir27/menggambar/checkout
18,Worksheet Emosi & Perilaku Baik - Karakter Anak Usia Dini PAUD TK,Emosi & Karakter 80 Hal,Worksheet edukasi emosi senang sedih marah & perilaku baik. Membantu anak PAUD TK mengenal perasaan & sopan santun. 80 halaman Rp9.900,worksheet emosi anak paud,https://lynk.id/jidankhoir27/emosi/checkout
19,Bundle Lengkap 1000+ Worksheet Anak PAUD TK - 10 Tema Dalam 1 Paket,Bundle 1000+ Worksheet,"Paket hemat 1000+ halaman worksheet 10 tema: angka, huruf, hewan, buah, profesi, warna. Untuk guru PAUD TK & homeschooling. Rp49.900",bundle worksheet paud tk lengkap,https://lynk.id/jidankhoir27/bundle/checkout
20,Worksheet Calistung TK B - Membaca Menulis Berhitung Lengkap 200 Hal,Calistung TK B 200 Hal,"Paket calistung lengkap TK B 200 halaman: membaca 2 suku kata, menulis huruf & berhitung 1-50. Persiapan masuk SD. PDF siap cetak Rp19.900",worksheet calistung tk b,https://lynk.id/jidankhoir27/calistung/checkout
